[{
  "model": "people.persontype",
  "pk": 1,
  "fields": {
    "name": "Board Member"
  }
}, {
  "model": "people.persontype",
  "pk": 2,
  "fields": {
    "name": "CIGI Chair"
  }
}, {
  "model": "people.persontype",
  "pk": 3,
  "fields": {
    "name": "Commission"
  }
}, {
  "model": "people.persontype",
  "pk": 4,
  "fields": {
    "name": "Expert"
  }
}, {
  "model": "people.persontype",
  "pk": 5,
  "fields": {
    "name": "External profile"
  }
}, {
  "model": "people.persontype",
  "pk": 6,
  "fields": {
    "name": "G20 Expert"
  }
}, {
  "model": "people.persontype",
  "pk": 7,
  "fields": {
    "name": "Management Team"
  }
}, {
  "model": "people.persontype",
  "pk": 8,
  "fields": {
    "name": "Media Contact"
  }
}, {
  "model": "people.persontype",
  "pk": 9,
  "fields": {
    "name": "Person"
  }
}, {
  "model": "people.persontype",
  "pk": 10,
  "fields": {
    "name": "Program Director"
  }
}, {
  "model": "people.persontype",
  "pk": 11,
  "fields": {
    "name": "Program Manager"
  }
}, {
  "model": "people.persontype",
  "pk": 12,
  "fields": {
    "name": "Research Advisor"
  }
}, {
  "model": "people.persontype",
  "pk": 13,
  "fields": {
    "name": "Research Associate"
  }
}, {
  "model": "people.persontype",
  "pk": 14,
  "fields": {
    "name": "Research Fellow"
  }
}, {
  "model": "people.persontype",
  "pk": 15,
  "fields": {
    "name": "Speaker"
  }
}, {
  "model": "people.persontype",
  "pk": 16,
  "fields": {
    "name": "Staff"
  }
}, {
  "model": "wagtailcore.page",
  "pk": 4,
  "fields": {
    "path": "000100010001",
    "depth": 3,
    "numchild": 48,
    "title": "People",
    "slug": "people",
    "content_type": ["people", "peoplepage"],
    "live": false,
    "url_path": "/home/people/",
    "expired": false
  }
}, {
  "model": "wagtailcore.page",
  "pk": 5,
  "fields": {
    "path": "000100010002",
    "depth": 3,
    "numchild": 0,
    "title": "Experts",
    "slug": "experts",
    "content_type": ["people", "personlistpage"],
    "live": true,
    "url_path": "/home/experts",
    "expired": false
  }
}, {
  "model": "wagtailcore.page",
  "pk": 6,
  "fields": {
    "path": "000100010003",
    "depth": 3,
    "numchild": 0,
    "title": "Staff Directory",
    "slug": "staff",
    "content_type": ["people", "personlistpage"],
    "live": true,
    "url_path": "/home/staff/",
    "expired": false
  }
}, {
  "model": "wagtailcore.page",
  "pk": 7,
  "fields": {
    "path": "0001000100010001",
    "depth": 4,
    "numchild": 0,
    "title": "Board Member Live",
    "slug": "board-member-live",
    "content_type": ["people", "personpage"],
    "live": true,
    "url_path": "/home/people/board-member-live",
    "expired": false
  }
}, {
  "model": "wagtailcore.page",
  "pk": 8,
  "fields": {
    "path": "0001000100010002",
    "depth": 4,
    "numchild": 0,
    "title": "Board Member Archived",
    "slug": "board-member-archived",
    "content_type": ["people", "personpage"],
    "live": true,
    "url_path": "/home/people/board-member-archived/",
    "expired": false
  }
}, {
  "model": "wagtailcore.page",
  "pk": 9,
  "fields": {
    "path": "0001000100010003",
    "depth": 4,
    "numchild": 0,
    "title": "Board Member Draft",
    "slug": "board-member-draft",
    "content_type": ["people", "personpage"],
    "live": false,
    "url_path": "/home/people/board-member-draft/",
    "expired": false
  }
}, {
  "model": "wagtailcore.page",
  "pk": 10,
  "fields": {
    "path": "0001000100010004",
    "depth": 4,
    "numchild": 0,
    "title": "CIGI Chair Live",
    "slug": "cigi-chair-live",
    "content_type": ["people", "personpage"],
    "live": true,
    "url_path": "/home/people/cigi-chair-live",
    "expired": false
  }
}, {
  "model": "wagtailcore.page",
  "pk": 11,
  "fields": {
    "path": "0001000100010005",
    "depth": 4,
    "numchild": 0,
    "title": "CIGI Chair Archived",
    "slug": "cigi-chair-archived",
    "content_type": ["people", "personpage"],
    "live": true,
    "url_path": "/home/people/cigi-chair-archived/",
    "expired": false
  }
}, {
  "model": "wagtailcore.page",
  "pk": 12,
  "fields": {
    "path": "0001000100010006",
    "depth": 4,
    "numchild": 0,
    "title": "CIGI Chair Draft",
    "slug": "cigi-chair-draft",
    "content_type": ["people", "personpage"],
    "live": false,
    "url_path": "/home/people/cigi-chair-draft/",
    "expired": false
  }
}, {
  "model": "wagtailcore.page",
  "pk": 13,
  "fields": {
    "path": "0001000100010007",
    "depth": 4,
    "numchild": 0,
    "title": "Commission Live",
    "slug": "commision-live",
    "content_type": ["people", "personpage"],
    "live": true,
    "url_path": "/home/people/commision-live",
    "expired": false
  }
}, {
  "model": "wagtailcore.page",
  "pk": 14,
  "fields": {
    "path": "0001000100010008",
    "depth": 4,
    "numchild": 0,
    "title": "Commission Archived",
    "slug": "commision-archived",
    "content_type": ["people", "personpage"],
    "live": true,
    "url_path": "/home/people/commision-archived/",
    "expired": false
  }
}, {
  "model": "wagtailcore.page",
  "pk": 15,
  "fields": {
    "path": "0001000100010009",
    "depth": 4,
    "numchild": 0,
    "title": "Commission Draft",
    "slug": "commision-draft",
    "content_type": ["people", "personpage"],
    "live": false,
    "url_path": "/home/people/commision-draft/",
    "expired": false
  }
}, {
  "model": "wagtailcore.page",
  "pk": 16,
  "fields": {
    "path": "000100010001000A",
    "depth": 4,
    "numchild": 0,
    "title": "Expert Live",
    "slug": "expert-live",
    "content_type": ["people", "personpage"],
    "live": true,
    "url_path": "/home/people/expert-live",
    "expired": false
  }
}, {
  "model": "wagtailcore.page",
  "pk": 17,
  "fields": {
    "path": "000100010001000B",
    "depth": 4,
    "numchild": 0,
    "title": "Expert Archived",
    "slug": "expert-archived",
    "content_type": ["people", "personpage"],
    "live": true,
    "url_path": "/home/people/expert-archived/",
    "expired": false
  }
}, {
  "model": "wagtailcore.page",
  "pk": 18,
  "fields": {
    "path": "000100010001000C",
    "depth": 4,
    "numchild": 0,
    "title": "Expert Draft",
    "slug": "expert-draft",
    "content_type": ["people", "personpage"],
    "live": false,
    "url_path": "/home/people/expert-draft/",
    "expired": false
  }
}, {
  "model": "wagtailcore.page",
  "pk": 19,
  "fields": {
    "path": "000100010001000D",
    "depth": 4,
    "numchild": 0,
    "title": "External profile Live",
    "slug": "external-profile-live",
    "content_type": ["people", "personpage"],
    "live": true,
    "url_path": "/home/people/external-profile-live",
    "expired": false
  }
}, {
  "model": "wagtailcore.page",
  "pk": 20,
  "fields": {
    "path": "000100010001000E",
    "depth": 4,
    "numchild": 0,
    "title": "External profile Archived",
    "slug": "external-profile-archived",
    "content_type": ["people", "personpage"],
    "live": true,
    "url_path": "/home/people/external-profile-archived/",
    "expired": false
  }
}, {
  "model": "wagtailcore.page",
  "pk": 21,
  "fields": {
    "path": "000100010001000F",
    "depth": 4,
    "numchild": 0,
    "title": "External profile Draft",
    "slug": "external-profile-draft",
    "content_type": ["people", "personpage"],
    "live": false,
    "url_path": "/home/people/external-profile-draft/",
    "expired": false
  }
}, {
  "model": "wagtailcore.page",
  "pk": 22,
  "fields": {
    "path": "000100010001000G",
    "depth": 4,
    "numchild": 0,
    "title": "G20 Expert Live",
    "slug": "g20-expert-live",
    "content_type": ["people", "personpage"],
    "live": true,
    "url_path": "/home/people/g20-expert-live",
    "expired": false
  }
}, {
  "model": "wagtailcore.page",
  "pk": 23,
  "fields": {
    "path": "000100010001000H",
    "depth": 4,
    "numchild": 0,
    "title": "G20 Expert Archived",
    "slug": "g20-expert-archived",
    "content_type": ["people", "personpage"],
    "live": true,
    "url_path": "/home/people/g20-expert-archived/",
    "expired": false
  }
}, {
  "model": "wagtailcore.page",
  "pk": 24,
  "fields": {
    "path": "000100010001000I",
    "depth": 4,
    "numchild": 0,
    "title": "G20 Expert Draft",
    "slug": "g20-expert-draft",
    "content_type": ["people", "personpage"],
    "live": false,
    "url_path": "/home/people/g20-expert-draft/",
    "expired": false
  }
}, {
  "model": "wagtailcore.page",
  "pk": 25,
  "fields": {
    "path": "000100010001000J",
    "depth": 4,
    "numchild": 0,
    "title": "Management Team Live",
    "slug": "management-team-live",
    "content_type": ["people", "personpage"],
    "live": true,
    "url_path": "/home/people/management-team-live",
    "expired": false
  }
}, {
  "model": "wagtailcore.page",
  "pk": 26,
  "fields": {
    "path": "000100010001000K",
    "depth": 4,
    "numchild": 0,
    "title": "Management Team Archived",
    "slug": "management-team-archived",
    "content_type": ["people", "personpage"],
    "live": true,
    "url_path": "/home/people/management-team-archived/",
    "expired": false
  }
}, {
  "model": "wagtailcore.page",
  "pk": 27,
  "fields": {
    "path": "000100010001000L",
    "depth": 4,
    "numchild": 0,
    "title": "Management Team Draft",
    "slug": "management-team-draft",
    "content_type": ["people", "personpage"],
    "live": false,
    "url_path": "/home/people/management-team-draft/",
    "expired": false
  }
}, {
  "model": "wagtailcore.page",
  "pk": 28,
  "fields": {
    "path": "000100010001000M",
    "depth": 4,
    "numchild": 0,
    "title": "Media Contact Live",
    "slug": "media-contact-live",
    "content_type": ["people", "personpage"],
    "live": true,
    "url_path": "/home/people/media-contact-live",
    "expired": false
  }
}, {
  "model": "wagtailcore.page",
  "pk": 29,
  "fields": {
    "path": "000100010001000N",
    "depth": 4,
    "numchild": 0,
    "title": "Media Contact Archived",
    "slug": "media-contact-archived",
    "content_type": ["people", "personpage"],
    "live": true,
    "url_path": "/home/people/media-contact-archived/",
    "expired": false
  }
}, {
  "model": "wagtailcore.page",
  "pk": 30,
  "fields": {
    "path": "000100010001000O",
    "depth": 4,
    "numchild": 0,
    "title": "Media Contact Draft",
    "slug": "media-contact-draft",
    "content_type": ["people", "personpage"],
    "live": false,
    "url_path": "/home/people/media-contact-draft/",
    "expired": false
  }
}, {
  "model": "wagtailcore.page",
  "pk": 31,
  "fields": {
    "path": "000100010001000P",
    "depth": 4,
    "numchild": 0,
    "title": "Person Live",
    "slug": "person-live",
    "content_type": ["people", "personpage"],
    "live": true,
    "url_path": "/home/people/person-live",
    "expired": false
  }
}, {
  "model": "wagtailcore.page",
  "pk": 32,
  "fields": {
    "path": "000100010001000Q",
    "depth": 4,
    "numchild": 0,
    "title": "Person Archived",
    "slug": "person-archived",
    "content_type": ["people", "personpage"],
    "live": true,
    "url_path": "/home/people/person-archived/",
    "expired": false
  }
}, {
  "model": "wagtailcore.page",
  "pk": 33,
  "fields": {
    "path": "000100010001000R",
    "depth": 4,
    "numchild": 0,
    "title": "Person Draft",
    "slug": "person-draft",
    "content_type": ["people", "personpage"],
    "live": false,
    "url_path": "/home/people/person-draft/",
    "expired": false
  }
}, {
  "model": "wagtailcore.page",
  "pk": 34,
  "fields": {
    "path": "000100010001000S",
    "depth": 4,
    "numchild": 0,
    "title": "Program Director Live",
    "slug": "program-director-live",
    "content_type": ["people", "personpage"],
    "live": true,
    "url_path": "/home/people/program-director-live",
    "expired": false
  }
}, {
  "model": "wagtailcore.page",
  "pk": 35,
  "fields": {
    "path": "000100010001000T",
    "depth": 4,
    "numchild": 0,
    "title": "Program Director Archived",
    "slug": "program-director-archived",
    "content_type": ["people", "personpage"],
    "live": true,
    "url_path": "/home/people/program-director-archived/",
    "expired": false
  }
}, {
  "model": "wagtailcore.page",
  "pk": 36,
  "fields": {
    "path": "000100010001000U",
    "depth": 4,
    "numchild": 0,
    "title": "Program Director Draft",
    "slug": "program-director-draft",
    "content_type": ["people", "personpage"],
    "live": false,
    "url_path": "/home/people/program-director-draft/",
    "expired": false
  }
}, {
  "model": "wagtailcore.page",
  "pk": 37,
  "fields": {
    "path": "000100010001000V",
    "depth": 4,
    "numchild": 0,
    "title": "Program Manager Live",
    "slug": "program-manager-live",
    "content_type": ["people", "personpage"],
    "live": true,
    "url_path": "/home/people/program-manager-live",
    "expired": false
  }
}, {
  "model": "wagtailcore.page",
  "pk": 38,
  "fields": {
    "path": "000100010001000W",
    "depth": 4,
    "numchild": 0,
    "title": "Program Manager Archived",
    "slug": "program-manager-archived",
    "content_type": ["people", "personpage"],
    "live": true,
    "url_path": "/home/people/program-manager-archived/",
    "expired": false
  }
}, {
  "model": "wagtailcore.page",
  "pk": 39,
  "fields": {
    "path": "000100010001000X",
    "depth": 4,
    "numchild": 0,
    "title": "Program Manager Draft",
    "slug": "program-manager-draft",
    "content_type": ["people", "personpage"],
    "live": false,
    "url_path": "/home/people/program-manager-draft/",
    "expired": false
  }
}, {
  "model": "wagtailcore.page",
  "pk": 40,
  "fields": {
    "path": "000100010001000Y",
    "depth": 4,
    "numchild": 0,
    "title": "Research Advisor Live",
    "slug": "research-advisor-live",
    "content_type": ["people", "personpage"],
    "live": true,
    "url_path": "/home/people/research-advisor-live",
    "expired": false
  }
}, {
  "model": "wagtailcore.page",
  "pk": 41,
  "fields": {
    "path": "000100010001000Z",
    "depth": 4,
    "numchild": 0,
    "title": "Research Advisor Archived",
    "slug": "research-advisor-archived",
    "content_type": ["people", "personpage"],
    "live": true,
    "url_path": "/home/people/research-advisor-archived/",
    "expired": false
  }
}, {
  "model": "wagtailcore.page",
  "pk": 42,
  "fields": {
    "path": "0001000100010010",
    "depth": 4,
    "numchild": 0,
    "title": "Research Advisor Draft",
    "slug": "research-advisor-draft",
    "content_type": ["people", "personpage"],
    "live": false,
    "url_path": "/home/people/research-advisor-draft/",
    "expired": false
  }
}, {
  "model": "wagtailcore.page",
  "pk": 43,
  "fields": {
    "path": "0001000100010011",
    "depth": 4,
    "numchild": 0,
    "title": "Research Associate Live",
    "slug": "research-associate-live",
    "content_type": ["people", "personpage"],
    "live": true,
    "url_path": "/home/people/research-associate-live",
    "expired": false
  }
}, {
  "model": "wagtailcore.page",
  "pk": 44,
  "fields": {
    "path": "0001000100010012",
    "depth": 4,
    "numchild": 0,
    "title": "Research Associate Archived",
    "slug": "research-associate-archived",
    "content_type": ["people", "personpage"],
    "live": true,
    "url_path": "/home/people/research-associate-archived/",
    "expired": false
  }
}, {
  "model": "wagtailcore.page",
  "pk": 45,
  "fields": {
    "path": "0001000100010013",
    "depth": 4,
    "numchild": 0,
    "title": "Research Associate Draft",
    "slug": "research-associate-draft",
    "content_type": ["people", "personpage"],
    "live": false,
    "url_path": "/home/people/research-associate-draft/",
    "expired": false
  }
}, {
  "model": "wagtailcore.page",
  "pk": 46,
  "fields": {
    "path": "0001000100010014",
    "depth": 4,
    "numchild": 0,
    "title": "Research Fellow Live",
    "slug": "research-fellow-live",
    "content_type": ["people", "personpage"],
    "live": true,
    "url_path": "/home/people/research-fellow-live",
    "expired": false
  }
}, {
  "model": "wagtailcore.page",
  "pk": 47,
  "fields": {
    "path": "0001000100010015",
    "depth": 4,
    "numchild": 0,
    "title": "Research Fellow Archived",
    "slug": "research-fellow-archived",
    "content_type": ["people", "personpage"],
    "live": true,
    "url_path": "/home/people/research-fellow-archived/",
    "expired": false
  }
}, {
  "model": "wagtailcore.page",
  "pk": 48,
  "fields": {
    "path": "0001000100010016",
    "depth": 4,
    "numchild": 0,
    "title": "Research Fellow Draft",
    "slug": "research-fellow-draft",
    "content_type": ["people", "personpage"],
    "live": false,
    "url_path": "/home/people/research-fellow-draft/",
    "expired": false
  }
}, {
  "model": "wagtailcore.page",
  "pk": 49,
  "fields": {
    "path": "0001000100010017",
    "depth": 4,
    "numchild": 0,
    "title": "Speaker Live",
    "slug": "speaker-live",
    "content_type": ["people", "personpage"],
    "live": true,
    "url_path": "/home/people/speaker-live",
    "expired": false
  }
}, {
  "model": "wagtailcore.page",
  "pk": 50,
  "fields": {
    "path": "0001000100010018",
    "depth": 4,
    "numchild": 0,
    "title": "Speaker Archived",
    "slug": "speaker-archived",
    "content_type": ["people", "personpage"],
    "live": true,
    "url_path": "/home/people/speaker-archived/",
    "expired": false
  }
}, {
  "model": "wagtailcore.page",
  "pk": 51,
  "fields": {
    "path": "0001000100010019",
    "depth": 4,
    "numchild": 0,
    "title": "Speaker Draft",
    "slug": "speaker-draft",
    "content_type": ["people", "personpage"],
    "live": false,
    "url_path": "/home/people/speaker-draft/",
    "expired": false
  }
}, {
  "model": "wagtailcore.page",
  "pk": 52,
  "fields": {
    "path": "000100010001001A",
    "depth": 4,
    "numchild": 0,
    "title": "Staff Live",
    "slug": "staff-live",
    "content_type": ["people", "personpage"],
    "live": true,
    "url_path": "/home/people/staff-live",
    "expired": false
  }
}, {
  "model": "wagtailcore.page",
  "pk": 53,
  "fields": {
    "path": "000100010001001B",
    "depth": 4,
    "numchild": 0,
    "title": "Staff Archived",
    "slug": "staff-archived",
    "content_type": ["people", "personpage"],
    "live": true,
    "url_path": "/home/people/staff-archived/",
    "expired": false
  }
}, {
  "model": "wagtailcore.page",
  "pk": 54,
  "fields": {
    "path": "000100010001001C",
    "depth": 4,
    "numchild": 0,
    "title": "Staff Draft",
    "slug": "staff-draft",
    "content_type": ["people", "personpage"],
    "live": false,
    "url_path": "/home/people/staff-draft/",
    "expired": false
  }
}, {
  "model": "people.personpage",
  "pk": 7,
  "fields": {
    "address_city": "",
    "address_country": "",
    "address_line1": "",
    "address_line2": "",
    "address_postal_code": "",
    "address_province": "",
    "archive": 0,
    "board_position": "",
    "body": "[]",
    "curriculum_vitae": null,
    "education": "[]",
    "email": "",
    "expertise": "[]",
    "first_name": "",
    "image_media": null,
    "image_square": null,
    "languages": "[]",
    "last_name": "",
    "linkedin_url": "",
    "phone_number": "",
    "position": "",
    "short_bio": "",
    "twitter_username": "",
    "website": "",
    "person_types": [1],
    "topics": []
  }
}, {
  "model": "people.personpage",
  "pk": 8,
  "fields": {
    "address_city": "",
    "address_country": "",
    "address_line1": "",
    "address_line2": "",
    "address_postal_code": "",
    "address_province": "",
    "archive": 1,
    "board_position": "",
    "body": "[]",
    "curriculum_vitae": null,
    "education": "[]",
    "email": "",
    "expertise": "[]",
    "first_name": "",
    "image_media": null,
    "image_square": null,
    "languages": "[]",
    "last_name": "",
    "linkedin_url": "",
    "phone_number": "",
    "position": "",
    "short_bio": "",
    "twitter_username": "",
    "website": "",
    "person_types": [1],
    "topics": []
  }
}, {
  "model": "people.personpage",
  "pk": 9,
  "fields": {
    "address_city": "",
    "address_country": "",
    "address_line1": "",
    "address_line2": "",
    "address_postal_code": "",
    "address_province": "",
    "archive": 0,
    "board_position": "",
    "body": "[]",
    "curriculum_vitae": null,
    "education": "[]",
    "email": "",
    "expertise": "[]",
    "first_name": "",
    "image_media": null,
    "image_square": null,
    "languages": "[]",
    "last_name": "",
    "linkedin_url": "",
    "phone_number": "",
    "position": "",
    "short_bio": "",
    "twitter_username": "",
    "website": "",
    "person_types": [1],
    "topics": []
  }
}, {
  "model": "people.personpage",
  "pk": 10,
  "fields": {
    "address_city": "",
    "address_country": "",
    "address_line1": "",
    "address_line2": "",
    "address_postal_code": "",
    "address_province": "",
    "archive": 0,
    "board_position": "",
    "body": "[]",
    "curriculum_vitae": null,
    "education": "[]",
    "email": "",
    "expertise": "[]",
    "first_name": "",
    "image_media": null,
    "image_square": null,
    "languages": "[]",
    "last_name": "",
    "linkedin_url": "",
    "phone_number": "",
    "position": "",
    "short_bio": "",
    "twitter_username": "",
    "website": "",
    "person_types": [2],
    "topics": []
  }
}, {
  "model": "people.personpage",
  "pk": 11,
  "fields": {
    "address_city": "",
    "address_country": "",
    "address_line1": "",
    "address_line2": "",
    "address_postal_code": "",
    "address_province": "",
    "archive": 1,
    "board_position": "",
    "body": "[]",
    "curriculum_vitae": null,
    "education": "[]",
    "email": "",
    "expertise": "[]",
    "first_name": "",
    "image_media": null,
    "image_square": null,
    "languages": "[]",
    "last_name": "",
    "linkedin_url": "",
    "phone_number": "",
    "position": "",
    "short_bio": "",
    "twitter_username": "",
    "website": "",
    "person_types": [2],
    "topics": []
  }
}, {
  "model": "people.personpage",
  "pk": 12,
  "fields": {
    "address_city": "",
    "address_country": "",
    "address_line1": "",
    "address_line2": "",
    "address_postal_code": "",
    "address_province": "",
    "archive": 0,
    "board_position": "",
    "body": "[]",
    "curriculum_vitae": null,
    "education": "[]",
    "email": "",
    "expertise": "[]",
    "first_name": "",
    "image_media": null,
    "image_square": null,
    "languages": "[]",
    "last_name": "",
    "linkedin_url": "",
    "phone_number": "",
    "position": "",
    "short_bio": "",
    "twitter_username": "",
    "website": "",
    "person_types": [2],
    "topics": []
  }
}, {
  "model": "people.personpage",
  "pk": 13,
  "fields": {
    "address_city": "",
    "address_country": "",
    "address_line1": "",
    "address_line2": "",
    "address_postal_code": "",
    "address_province": "",
    "archive": 0,
    "board_position": "",
    "body": "[]",
    "curriculum_vitae": null,
    "education": "[]",
    "email": "",
    "expertise": "[]",
    "first_name": "",
    "image_media": null,
    "image_square": null,
    "languages": "[]",
    "last_name": "",
    "linkedin_url": "",
    "phone_number": "",
    "position": "",
    "short_bio": "",
    "twitter_username": "",
    "website": "",
    "person_types": [3],
    "topics": []
  }
}, {
  "model": "people.personpage",
  "pk": 14,
  "fields": {
    "address_city": "",
    "address_country": "",
    "address_line1": "",
    "address_line2": "",
    "address_postal_code": "",
    "address_province": "",
    "archive": 1,
    "board_position": "",
    "body": "[]",
    "curriculum_vitae": null,
    "education": "[]",
    "email": "",
    "expertise": "[]",
    "first_name": "",
    "image_media": null,
    "image_square": null,
    "languages": "[]",
    "last_name": "",
    "linkedin_url": "",
    "phone_number": "",
    "position": "",
    "short_bio": "",
    "twitter_username": "",
    "website": "",
    "person_types": [3],
    "topics": []
  }
}, {
  "model": "people.personpage",
  "pk": 15,
  "fields": {
    "address_city": "",
    "address_country": "",
    "address_line1": "",
    "address_line2": "",
    "address_postal_code": "",
    "address_province": "",
    "archive": 0,
    "board_position": "",
    "body": "[]",
    "curriculum_vitae": null,
    "education": "[]",
    "email": "",
    "expertise": "[]",
    "first_name": "",
    "image_media": null,
    "image_square": null,
    "languages": "[]",
    "last_name": "",
    "linkedin_url": "",
    "phone_number": "",
    "position": "",
    "short_bio": "",
    "twitter_username": "",
    "website": "",
    "person_types": [3],
    "topics": []
  }
}, {
  "model": "people.personpage",
  "pk": 16,
  "fields": {
    "address_city": "",
    "address_country": "",
    "address_line1": "",
    "address_line2": "",
    "address_postal_code": "",
    "address_province": "",
    "archive": 0,
    "board_position": "",
    "body": "[]",
    "curriculum_vitae": null,
    "education": "[]",
    "email": "",
    "expertise": "[]",
    "first_name": "",
    "image_media": null,
    "image_square": null,
    "languages": "[]",
    "last_name": "",
    "linkedin_url": "",
    "phone_number": "",
    "position": "",
    "short_bio": "",
    "twitter_username": "",
    "website": "",
    "person_types": [4],
    "topics": []
  }
}, {
  "model": "people.personpage",
  "pk": 17,
  "fields": {
    "address_city": "",
    "address_country": "",
    "address_line1": "",
    "address_line2": "",
    "address_postal_code": "",
    "address_province": "",
    "archive": 1,
    "board_position": "",
    "body": "[]",
    "curriculum_vitae": null,
    "education": "[]",
    "email": "",
    "expertise": "[]",
    "first_name": "",
    "image_media": null,
    "image_square": null,
    "languages": "[]",
    "last_name": "",
    "linkedin_url": "",
    "phone_number": "",
    "position": "",
    "short_bio": "",
    "twitter_username": "",
    "website": "",
    "person_types": [4],
    "topics": []
  }
}, {
  "model": "people.personpage",
  "pk": 18,
  "fields": {
    "address_city": "",
    "address_country": "",
    "address_line1": "",
    "address_line2": "",
    "address_postal_code": "",
    "address_province": "",
    "archive": 0,
    "board_position": "",
    "body": "[]",
    "curriculum_vitae": null,
    "education": "[]",
    "email": "",
    "expertise": "[]",
    "first_name": "",
    "image_media": null,
    "image_square": null,
    "languages": "[]",
    "last_name": "",
    "linkedin_url": "",
    "phone_number": "",
    "position": "",
    "short_bio": "",
    "twitter_username": "",
    "website": "",
    "person_types": [4],
    "topics": []
  }
}, {
  "model": "people.personpage",
  "pk": 19,
  "fields": {
    "address_city": "",
    "address_country": "",
    "address_line1": "",
    "address_line2": "",
    "address_postal_code": "",
    "address_province": "",
    "archive": 0,
    "board_position": "",
    "body": "[]",
    "curriculum_vitae": null,
    "education": "[]",
    "email": "",
    "expertise": "[]",
    "first_name": "",
    "image_media": null,
    "image_square": null,
    "languages": "[]",
    "last_name": "",
    "linkedin_url": "",
    "phone_number": "",
    "position": "",
    "short_bio": "",
    "twitter_username": "",
    "website": "",
    "person_types": [5],
    "topics": []
  }
}, {
  "model": "people.personpage",
  "pk": 20,
  "fields": {
    "address_city": "",
    "address_country": "",
    "address_line1": "",
    "address_line2": "",
    "address_postal_code": "",
    "address_province": "",
    "archive": 1,
    "board_position": "",
    "body": "[]",
    "curriculum_vitae": null,
    "education": "[]",
    "email": "",
    "expertise": "[]",
    "first_name": "",
    "image_media": null,
    "image_square": null,
    "languages": "[]",
    "last_name": "",
    "linkedin_url": "",
    "phone_number": "",
    "position": "",
    "short_bio": "",
    "twitter_username": "",
    "website": "",
    "person_types": [5],
    "topics": []
  }
}, {
  "model": "people.personpage",
  "pk": 21,
  "fields": {
    "address_city": "",
    "address_country": "",
    "address_line1": "",
    "address_line2": "",
    "address_postal_code": "",
    "address_province": "",
    "archive": 0,
    "board_position": "",
    "body": "[]",
    "curriculum_vitae": null,
    "education": "[]",
    "email": "",
    "expertise": "[]",
    "first_name": "",
    "image_media": null,
    "image_square": null,
    "languages": "[]",
    "last_name": "",
    "linkedin_url": "",
    "phone_number": "",
    "position": "",
    "short_bio": "",
    "twitter_username": "",
    "website": "",
    "person_types": [5],
    "topics": []
  }
}, {
  "model": "people.personpage",
  "pk": 22,
  "fields": {
    "address_city": "",
    "address_country": "",
    "address_line1": "",
    "address_line2": "",
    "address_postal_code": "",
    "address_province": "",
    "archive": 0,
    "board_position": "",
    "body": "[]",
    "curriculum_vitae": null,
    "education": "[]",
    "email": "",
    "expertise": "[]",
    "first_name": "",
    "image_media": null,
    "image_square": null,
    "languages": "[]",
    "last_name": "",
    "linkedin_url": "",
    "phone_number": "",
    "position": "",
    "short_bio": "",
    "twitter_username": "",
    "website": "",
    "person_types": [6],
    "topics": []
  }
}, {
  "model": "people.personpage",
  "pk": 23,
  "fields": {
    "address_city": "",
    "address_country": "",
    "address_line1": "",
    "address_line2": "",
    "address_postal_code": "",
    "address_province": "",
    "archive": 1,
    "board_position": "",
    "body": "[]",
    "curriculum_vitae": null,
    "education": "[]",
    "email": "",
    "expertise": "[]",
    "first_name": "",
    "image_media": null,
    "image_square": null,
    "languages": "[]",
    "last_name": "",
    "linkedin_url": "",
    "phone_number": "",
    "position": "",
    "short_bio": "",
    "twitter_username": "",
    "website": "",
    "person_types": [6],
    "topics": []
  }
}, {
  "model": "people.personpage",
  "pk": 24,
  "fields": {
    "address_city": "",
    "address_country": "",
    "address_line1": "",
    "address_line2": "",
    "address_postal_code": "",
    "address_province": "",
    "archive": 0,
    "board_position": "",
    "body": "[]",
    "curriculum_vitae": null,
    "education": "[]",
    "email": "",
    "expertise": "[]",
    "first_name": "",
    "image_media": null,
    "image_square": null,
    "languages": "[]",
    "last_name": "",
    "linkedin_url": "",
    "phone_number": "",
    "position": "",
    "short_bio": "",
    "twitter_username": "",
    "website": "",
    "person_types": [6],
    "topics": []
  }
}, {
  "model": "people.personpage",
  "pk": 25,
  "fields": {
    "address_city": "",
    "address_country": "",
    "address_line1": "",
    "address_line2": "",
    "address_postal_code": "",
    "address_province": "",
    "archive": 0,
    "board_position": "",
    "body": "[]",
    "curriculum_vitae": null,
    "education": "[]",
    "email": "",
    "expertise": "[]",
    "first_name": "",
    "image_media": null,
    "image_square": null,
    "languages": "[]",
    "last_name": "",
    "linkedin_url": "",
    "phone_number": "",
    "position": "",
    "short_bio": "",
    "twitter_username": "",
    "website": "",
    "person_types": [7],
    "topics": []
  }
}, {
  "model": "people.personpage",
  "pk": 26,
  "fields": {
    "address_city": "",
    "address_country": "",
    "address_line1": "",
    "address_line2": "",
    "address_postal_code": "",
    "address_province": "",
    "archive": 1,
    "board_position": "",
    "body": "[]",
    "curriculum_vitae": null,
    "education": "[]",
    "email": "",
    "expertise": "[]",
    "first_name": "",
    "image_media": null,
    "image_square": null,
    "languages": "[]",
    "last_name": "",
    "linkedin_url": "",
    "phone_number": "",
    "position": "",
    "short_bio": "",
    "twitter_username": "",
    "website": "",
    "person_types": [7],
    "topics": []
  }
}, {
  "model": "people.personpage",
  "pk": 27,
  "fields": {
    "address_city": "",
    "address_country": "",
    "address_line1": "",
    "address_line2": "",
    "address_postal_code": "",
    "address_province": "",
    "archive": 0,
    "board_position": "",
    "body": "[]",
    "curriculum_vitae": null,
    "education": "[]",
    "email": "",
    "expertise": "[]",
    "first_name": "",
    "image_media": null,
    "image_square": null,
    "languages": "[]",
    "last_name": "",
    "linkedin_url": "",
    "phone_number": "",
    "position": "",
    "short_bio": "",
    "twitter_username": "",
    "website": "",
    "person_types": [7],
    "topics": []
  }
}, {
  "model": "people.personpage",
  "pk": 28,
  "fields": {
    "address_city": "",
    "address_country": "",
    "address_line1": "",
    "address_line2": "",
    "address_postal_code": "",
    "address_province": "",
    "archive": 0,
    "board_position": "",
    "body": "[]",
    "curriculum_vitae": null,
    "education": "[]",
    "email": "",
    "expertise": "[]",
    "first_name": "",
    "image_media": null,
    "image_square": null,
    "languages": "[]",
    "last_name": "",
    "linkedin_url": "",
    "phone_number": "",
    "position": "",
    "short_bio": "",
    "twitter_username": "",
    "website": "",
    "person_types": [8],
    "topics": []
  }
}, {
  "model": "people.personpage",
  "pk": 29,
  "fields": {
    "address_city": "",
    "address_country": "",
    "address_line1": "",
    "address_line2": "",
    "address_postal_code": "",
    "address_province": "",
    "archive": 1,
    "board_position": "",
    "body": "[]",
    "curriculum_vitae": null,
    "education": "[]",
    "email": "",
    "expertise": "[]",
    "first_name": "",
    "image_media": null,
    "image_square": null,
    "languages": "[]",
    "last_name": "",
    "linkedin_url": "",
    "phone_number": "",
    "position": "",
    "short_bio": "",
    "twitter_username": "",
    "website": "",
    "person_types": [8],
    "topics": []
  }
}, {
  "model": "people.personpage",
  "pk": 30,
  "fields": {
    "address_city": "",
    "address_country": "",
    "address_line1": "",
    "address_line2": "",
    "address_postal_code": "",
    "address_province": "",
    "archive": 0,
    "board_position": "",
    "body": "[]",
    "curriculum_vitae": null,
    "education": "[]",
    "email": "",
    "expertise": "[]",
    "first_name": "",
    "image_media": null,
    "image_square": null,
    "languages": "[]",
    "last_name": "",
    "linkedin_url": "",
    "phone_number": "",
    "position": "",
    "short_bio": "",
    "twitter_username": "",
    "website": "",
    "person_types": [8],
    "topics": []
  }
}, {
  "model": "people.personpage",
  "pk": 31,
  "fields": {
    "address_city": "",
    "address_country": "",
    "address_line1": "",
    "address_line2": "",
    "address_postal_code": "",
    "address_province": "",
    "archive": 0,
    "board_position": "",
    "body": "[]",
    "curriculum_vitae": null,
    "education": "[]",
    "email": "",
    "expertise": "[]",
    "first_name": "",
    "image_media": null,
    "image_square": null,
    "languages": "[]",
    "last_name": "",
    "linkedin_url": "",
    "phone_number": "",
    "position": "",
    "short_bio": "",
    "twitter_username": "",
    "website": "",
    "person_types": [9],
    "topics": []
  }
}, {
  "model": "people.personpage",
  "pk": 32,
  "fields": {
    "address_city": "",
    "address_country": "",
    "address_line1": "",
    "address_line2": "",
    "address_postal_code": "",
    "address_province": "",
    "archive": 1,
    "board_position": "",
    "body": "[]",
    "curriculum_vitae": null,
    "education": "[]",
    "email": "",
    "expertise": "[]",
    "first_name": "",
    "image_media": null,
    "image_square": null,
    "languages": "[]",
    "last_name": "",
    "linkedin_url": "",
    "phone_number": "",
    "position": "",
    "short_bio": "",
    "twitter_username": "",
    "website": "",
    "person_types": [9],
    "topics": []
  }
}, {
  "model": "people.personpage",
  "pk": 33,
  "fields": {
    "address_city": "",
    "address_country": "",
    "address_line1": "",
    "address_line2": "",
    "address_postal_code": "",
    "address_province": "",
    "archive": 0,
    "board_position": "",
    "body": "[]",
    "curriculum_vitae": null,
    "education": "[]",
    "email": "",
    "expertise": "[]",
    "first_name": "",
    "image_media": null,
    "image_square": null,
    "languages": "[]",
    "last_name": "",
    "linkedin_url": "",
    "phone_number": "",
    "position": "",
    "short_bio": "",
    "twitter_username": "",
    "website": "",
    "person_types": [9],
    "topics": []
  }
}, {
  "model": "people.personpage",
  "pk": 34,
  "fields": {
    "address_city": "",
    "address_country": "",
    "address_line1": "",
    "address_line2": "",
    "address_postal_code": "",
    "address_province": "",
    "archive": 0,
    "board_position": "",
    "body": "[]",
    "curriculum_vitae": null,
    "education": "[]",
    "email": "",
    "expertise": "[]",
    "first_name": "",
    "image_media": null,
    "image_square": null,
    "languages": "[]",
    "last_name": "",
    "linkedin_url": "",
    "phone_number": "",
    "position": "",
    "short_bio": "",
    "twitter_username": "",
    "website": "",
    "person_types": [10],
    "topics": []
  }
}, {
  "model": "people.personpage",
  "pk": 35,
  "fields": {
    "address_city": "",
    "address_country": "",
    "address_line1": "",
    "address_line2": "",
    "address_postal_code": "",
    "address_province": "",
    "archive": 1,
    "board_position": "",
    "body": "[]",
    "curriculum_vitae": null,
    "education": "[]",
    "email": "",
    "expertise": "[]",
    "first_name": "",
    "image_media": null,
    "image_square": null,
    "languages": "[]",
    "last_name": "",
    "linkedin_url": "",
    "phone_number": "",
    "position": "",
    "short_bio": "",
    "twitter_username": "",
    "website": "",
    "person_types": [10],
    "topics": []
  }
}, {
  "model": "people.personpage",
  "pk": 36,
  "fields": {
    "address_city": "",
    "address_country": "",
    "address_line1": "",
    "address_line2": "",
    "address_postal_code": "",
    "address_province": "",
    "archive": 0,
    "board_position": "",
    "body": "[]",
    "curriculum_vitae": null,
    "education": "[]",
    "email": "",
    "expertise": "[]",
    "first_name": "",
    "image_media": null,
    "image_square": null,
    "languages": "[]",
    "last_name": "",
    "linkedin_url": "",
    "phone_number": "",
    "position": "",
    "short_bio": "",
    "twitter_username": "",
    "website": "",
    "person_types": [10],
    "topics": []
  }
}, {
  "model": "people.personpage",
  "pk": 37,
  "fields": {
    "address_city": "",
    "address_country": "",
    "address_line1": "",
    "address_line2": "",
    "address_postal_code": "",
    "address_province": "",
    "archive": 0,
    "board_position": "",
    "body": "[]",
    "curriculum_vitae": null,
    "education": "[]",
    "email": "",
    "expertise": "[]",
    "first_name": "",
    "image_media": null,
    "image_square": null,
    "languages": "[]",
    "last_name": "",
    "linkedin_url": "",
    "phone_number": "",
    "position": "",
    "short_bio": "",
    "twitter_username": "",
    "website": "",
    "person_types": [11],
    "topics": []
  }
}, {
  "model": "people.personpage",
  "pk": 38,
  "fields": {
    "address_city": "",
    "address_country": "",
    "address_line1": "",
    "address_line2": "",
    "address_postal_code": "",
    "address_province": "",
    "archive": 1,
    "board_position": "",
    "body": "[]",
    "curriculum_vitae": null,
    "education": "[]",
    "email": "",
    "expertise": "[]",
    "first_name": "",
    "image_media": null,
    "image_square": null,
    "languages": "[]",
    "last_name": "",
    "linkedin_url": "",
    "phone_number": "",
    "position": "",
    "short_bio": "",
    "twitter_username": "",
    "website": "",
    "person_types": [11],
    "topics": []
  }
}, {
  "model": "people.personpage",
  "pk": 39,
  "fields": {
    "address_city": "",
    "address_country": "",
    "address_line1": "",
    "address_line2": "",
    "address_postal_code": "",
    "address_province": "",
    "archive": 0,
    "board_position": "",
    "body": "[]",
    "curriculum_vitae": null,
    "education": "[]",
    "email": "",
    "expertise": "[]",
    "first_name": "",
    "image_media": null,
    "image_square": null,
    "languages": "[]",
    "last_name": "",
    "linkedin_url": "",
    "phone_number": "",
    "position": "",
    "short_bio": "",
    "twitter_username": "",
    "website": "",
    "person_types": [11],
    "topics": []
  }
}, {
  "model": "people.personpage",
  "pk": 40,
  "fields": {
    "address_city": "",
    "address_country": "",
    "address_line1": "",
    "address_line2": "",
    "address_postal_code": "",
    "address_province": "",
    "archive": 0,
    "board_position": "",
    "body": "[]",
    "curriculum_vitae": null,
    "education": "[]",
    "email": "",
    "expertise": "[]",
    "first_name": "",
    "image_media": null,
    "image_square": null,
    "languages": "[]",
    "last_name": "",
    "linkedin_url": "",
    "phone_number": "",
    "position": "",
    "short_bio": "",
    "twitter_username": "",
    "website": "",
    "person_types": [12],
    "topics": []
  }
}, {
  "model": "people.personpage",
  "pk": 41,
  "fields": {
    "address_city": "",
    "address_country": "",
    "address_line1": "",
    "address_line2": "",
    "address_postal_code": "",
    "address_province": "",
    "archive": 1,
    "board_position": "",
    "body": "[]",
    "curriculum_vitae": null,
    "education": "[]",
    "email": "",
    "expertise": "[]",
    "first_name": "",
    "image_media": null,
    "image_square": null,
    "languages": "[]",
    "last_name": "",
    "linkedin_url": "",
    "phone_number": "",
    "position": "",
    "short_bio": "",
    "twitter_username": "",
    "website": "",
    "person_types": [12],
    "topics": []
  }
}, {
  "model": "people.personpage",
  "pk": 42,
  "fields": {
    "address_city": "",
    "address_country": "",
    "address_line1": "",
    "address_line2": "",
    "address_postal_code": "",
    "address_province": "",
    "archive": 0,
    "board_position": "",
    "body": "[]",
    "curriculum_vitae": null,
    "education": "[]",
    "email": "",
    "expertise": "[]",
    "first_name": "",
    "image_media": null,
    "image_square": null,
    "languages": "[]",
    "last_name": "",
    "linkedin_url": "",
    "phone_number": "",
    "position": "",
    "short_bio": "",
    "twitter_username": "",
    "website": "",
    "person_types": [12],
    "topics": []
  }
}, {
  "model": "people.personpage",
  "pk": 43,
  "fields": {
    "address_city": "",
    "address_country": "",
    "address_line1": "",
    "address_line2": "",
    "address_postal_code": "",
    "address_province": "",
    "archive": 0,
    "board_position": "",
    "body": "[]",
    "curriculum_vitae": null,
    "education": "[]",
    "email": "",
    "expertise": "[]",
    "first_name": "",
    "image_media": null,
    "image_square": null,
    "languages": "[]",
    "last_name": "",
    "linkedin_url": "",
    "phone_number": "",
    "position": "",
    "short_bio": "",
    "twitter_username": "",
    "website": "",
    "person_types": [13],
    "topics": []
  }
}, {
  "model": "people.personpage",
  "pk": 44,
  "fields": {
    "address_city": "",
    "address_country": "",
    "address_line1": "",
    "address_line2": "",
    "address_postal_code": "",
    "address_province": "",
    "archive": 1,
    "board_position": "",
    "body": "[]",
    "curriculum_vitae": null,
    "education": "[]",
    "email": "",
    "expertise": "[]",
    "first_name": "",
    "image_media": null,
    "image_square": null,
    "languages": "[]",
    "last_name": "",
    "linkedin_url": "",
    "phone_number": "",
    "position": "",
    "short_bio": "",
    "twitter_username": "",
    "website": "",
    "person_types": [13],
    "topics": []
  }
}, {
  "model": "people.personpage",
  "pk": 45,
  "fields": {
    "address_city": "",
    "address_country": "",
    "address_line1": "",
    "address_line2": "",
    "address_postal_code": "",
    "address_province": "",
    "archive": 0,
    "board_position": "",
    "body": "[]",
    "curriculum_vitae": null,
    "education": "[]",
    "email": "",
    "expertise": "[]",
    "first_name": "",
    "image_media": null,
    "image_square": null,
    "languages": "[]",
    "last_name": "",
    "linkedin_url": "",
    "phone_number": "",
    "position": "",
    "short_bio": "",
    "twitter_username": "",
    "website": "",
    "person_types": [13],
    "topics": []
  }
}, {
  "model": "people.personpage",
  "pk": 46,
  "fields": {
    "address_city": "",
    "address_country": "",
    "address_line1": "",
    "address_line2": "",
    "address_postal_code": "",
    "address_province": "",
    "archive": 0,
    "board_position": "",
    "body": "[]",
    "curriculum_vitae": null,
    "education": "[]",
    "email": "",
    "expertise": "[]",
    "first_name": "",
    "image_media": null,
    "image_square": null,
    "languages": "[]",
    "last_name": "",
    "linkedin_url": "",
    "phone_number": "",
    "position": "",
    "short_bio": "",
    "twitter_username": "",
    "website": "",
    "person_types": [14],
    "topics": []
  }
}, {
  "model": "people.personpage",
  "pk": 47,
  "fields": {
    "address_city": "",
    "address_country": "",
    "address_line1": "",
    "address_line2": "",
    "address_postal_code": "",
    "address_province": "",
    "archive": 1,
    "board_position": "",
    "body": "[]",
    "curriculum_vitae": null,
    "education": "[]",
    "email": "",
    "expertise": "[]",
    "first_name": "",
    "image_media": null,
    "image_square": null,
    "languages": "[]",
    "last_name": "",
    "linkedin_url": "",
    "phone_number": "",
    "position": "",
    "short_bio": "",
    "twitter_username": "",
    "website": "",
    "person_types": [14],
    "topics": []
  }
}, {
  "model": "people.personpage",
  "pk": 48,
  "fields": {
    "address_city": "",
    "address_country": "",
    "address_line1": "",
    "address_line2": "",
    "address_postal_code": "",
    "address_province": "",
    "archive": 0,
    "board_position": "",
    "body": "[]",
    "curriculum_vitae": null,
    "education": "[]",
    "email": "",
    "expertise": "[]",
    "first_name": "",
    "image_media": null,
    "image_square": null,
    "languages": "[]",
    "last_name": "",
    "linkedin_url": "",
    "phone_number": "",
    "position": "",
    "short_bio": "",
    "twitter_username": "",
    "website": "",
    "person_types": [14],
    "topics": []
  }
}, {
  "model": "people.personpage",
  "pk": 49,
  "fields": {
    "address_city": "",
    "address_country": "",
    "address_line1": "",
    "address_line2": "",
    "address_postal_code": "",
    "address_province": "",
    "archive": 0,
    "board_position": "",
    "body": "[]",
    "curriculum_vitae": null,
    "education": "[]",
    "email": "",
    "expertise": "[]",
    "first_name": "",
    "image_media": null,
    "image_square": null,
    "languages": "[]",
    "last_name": "",
    "linkedin_url": "",
    "phone_number": "",
    "position": "",
    "short_bio": "",
    "twitter_username": "",
    "website": "",
    "person_types": [15],
    "topics": []
  }
}, {
  "model": "people.personpage",
  "pk": 50,
  "fields": {
    "address_city": "",
    "address_country": "",
    "address_line1": "",
    "address_line2": "",
    "address_postal_code": "",
    "address_province": "",
    "archive": 1,
    "board_position": "",
    "body": "[]",
    "curriculum_vitae": null,
    "education": "[]",
    "email": "",
    "expertise": "[]",
    "first_name": "",
    "image_media": null,
    "image_square": null,
    "languages": "[]",
    "last_name": "",
    "linkedin_url": "",
    "phone_number": "",
    "position": "",
    "short_bio": "",
    "twitter_username": "",
    "website": "",
    "person_types": [15],
    "topics": []
  }
}, {
  "model": "people.personpage",
  "pk": 51,
  "fields": {
    "address_city": "",
    "address_country": "",
    "address_line1": "",
    "address_line2": "",
    "address_postal_code": "",
    "address_province": "",
    "archive": 0,
    "board_position": "",
    "body": "[]",
    "curriculum_vitae": null,
    "education": "[]",
    "email": "",
    "expertise": "[]",
    "first_name": "",
    "image_media": null,
    "image_square": null,
    "languages": "[]",
    "last_name": "",
    "linkedin_url": "",
    "phone_number": "",
    "position": "",
    "short_bio": "",
    "twitter_username": "",
    "website": "",
    "person_types": [15],
    "topics": []
  }
}, {
  "model": "people.personpage",
  "pk": 52,
  "fields": {
    "address_city": "",
    "address_country": "",
    "address_line1": "",
    "address_line2": "",
    "address_postal_code": "",
    "address_province": "",
    "archive": 0,
    "board_position": "",
    "body": "[]",
    "curriculum_vitae": null,
    "education": "[]",
    "email": "",
    "expertise": "[]",
    "first_name": "",
    "image_media": null,
    "image_square": null,
    "languages": "[]",
    "last_name": "",
    "linkedin_url": "",
    "phone_number": "",
    "position": "",
    "short_bio": "",
    "twitter_username": "",
    "website": "",
    "person_types": [16],
    "topics": []
  }
}, {
  "model": "people.personpage",
  "pk": 53,
  "fields": {
    "address_city": "",
    "address_country": "",
    "address_line1": "",
    "address_line2": "",
    "address_postal_code": "",
    "address_province": "",
    "archive": 1,
    "board_position": "",
    "body": "[]",
    "curriculum_vitae": null,
    "education": "[]",
    "email": "",
    "expertise": "[]",
    "first_name": "",
    "image_media": null,
    "image_square": null,
    "languages": "[]",
    "last_name": "",
    "linkedin_url": "",
    "phone_number": "",
    "position": "",
    "short_bio": "",
    "twitter_username": "",
    "website": "",
    "person_types": [16],
    "topics": []
  }
}, {
  "model": "people.personpage",
  "pk": 54,
  "fields": {
    "address_city": "",
    "address_country": "",
    "address_line1": "",
    "address_line2": "",
    "address_postal_code": "",
    "address_province": "",
    "archive": 0,
    "board_position": "",
    "body": "[]",
    "curriculum_vitae": null,
    "education": "[]",
    "email": "",
    "expertise": "[]",
    "first_name": "",
    "image_media": null,
    "image_square": null,
    "languages": "[]",
    "last_name": "",
    "linkedin_url": "",
    "phone_number": "",
    "position": "",
    "short_bio": "",
    "twitter_username": "",
    "website": "",
    "person_types": [16],
    "topics": []
  }
}, {
  "model": "people.peoplepage",
  "pk": 4,
  "fields": {}
}, {
  "model": "people.personlistpage",
  "pk": 5,
  "fields": {
    "subtitle": "",
    "person_list_page_type": 1
  }
}, {
  "model": "people.personlistpage",
  "pk": 6,
  "fields": {
    "subtitle": "",
    "person_list_page_type": 2
  }
}]
